id,question,response,call_code
31,Thermal Properties of Matter: Define heat capacity and specific heat capacity.,"
# Introduction

---

## Definition

Heat capacity and specific heat capacity describe how a material changes temperature when it absorbs or releases thermal energy.

Heat capacity is the total amount of heat energy required to raise the temperature of an entire object by exactly $1 \text{ Degree Celsius}$ or Kelvin.

Specific heat capacity is the amount of heat energy required to raise the temperature of exactly $1 \text{ kilogram}$ of a pure substance by $1 \text{ Degree Celsius}$ or Kelvin.

---

## Characteristics

* **Extensive vs. Intensive:** Heat capacity is an extensive property that scales with the size and mass of an object. Specific heat capacity is an intensive property inherent to the material itself, regardless of mass.

---

## Formula

The equations for thermal tracking are defined as:

$$\text{Heat Capacity } (C) = \frac{Q}{\Delta T}$$

$$\text{Specific Heat Capacity } (c) = \frac{Q}{m \Delta T}$$

Where:
* $Q$ represents the total heat energy transferred
* $\Delta T$ represents the resulting change in temperature
* $m$ represents the mass of the substance sample

---

## Summary

Heat capacity measures the thermal response of an entire object, whereas specific heat capacity standardizes this property per unit mass, providing an intensive material constant.
",
32,State the laws of thermodynamics.,"
# Introduction

---

## Definition

The laws of thermodynamics define the fundamental physical principles that govern the relationships between heat, work, temperature, and energy changes within physical systems.

---

## The Four Core Laws

### 1. Zeroth Law (Thermal Equilibrium)
If two thermodynamic systems are each in thermal equilibrium with a third system, they are in thermal equilibrium with each other, defining temperature as a valid physical property.

### 2. First Law (Conservation of Energy)
The net change in internal energy of a closed system equals the heat added to the system minus the work performed by the system.

### 3. Second Law (Entropy Accumulation)
In an isolated system, the total entropy—a measure of disorder—always increases over time, meaning thermal energy cannot flow spontaneously from a cooler body to a warmer body.

### 4. Third Law (Absolute Zero Limit)
As the temperature of a system approaches absolute zero ($0 \text{ K}$), its entropy approaches a constant minimum value, and it is impossible to cool a system to absolute zero in a finite number of steps.

---

## Formula

The mathematical statement of the First Law of Thermodynamics:

$$\Delta U = Q - W$$

Where:
* $\Delta U$ represents the net change in internal energy
* $Q$ represents the heat energy added to the system
* $W$ represents the work performed by the system

---

## Summary

The laws of thermodynamics establish temperature metrics, enforce total energy conservation, determine the direction of heat transfer through entropy, and set absolute zero limits.
",
33,"Explain the difference between conduction, convection, and radiation.","
# Introduction

---

## Definition

Conduction, convection, and radiation represent the three distinct physical mechanisms through which thermal energy transfers between regions of differing temperatures.

---

## Comparison Matrix

| Characteristics | Conduction | Convection | Radiation |
| --- | --- | --- | --- |
| **Medium Requirement** | Requires a solid or static fluid medium. | Requires a fluid medium (liquid or gas). | Can propagate through a vacuum without a medium. |
| **Mechanism** | Kinetic energy transfer via direct molecular collisions. | Macro-scale fluid movement driven by density changes. | Energy transport via electromagnetic waves. |
| **Transfer Speed** | Relatively slow material propagation. | Moderate speed driven by fluid flow rates. | Occurs at the speed of light. |

---

## Real-world Examples

* **Conduction:** A metal spoon left in a bowl of hot soup quickly becomes warm along its entire handle via direct atomic vibration transfer.
* **Convection:** Water at the bottom of a pot heated on a stove expands, becomes less dense, and rises, creating a continuous circulation loop.
* **Radiation:** Standing near a campfire or under direct sunlight warms the skin through incoming infrared electromagnetic waves.

---

## Summary

Conduction transfers heat through direct microscopic contact, convection relies on bulk fluid movement, and radiation uses electromagnetic waves to transfer energy across empty space.
",
34,A metal rod expands on heating. Explain thermal expansion.,"
# Introduction

---

## Definition

Thermal expansion is the tendency of matter to increase in volume, area, or length in response to an increase in temperature. 

This behavior occurs because heating causes atoms to vibrate more vigorously, increasing the average separation distance between them.

---

## Characteristics

* **Reversible Behavior:** The material expands uniformly as temperature rises and contracts back to its initial dimensions when cooled, provided it stays within its elastic limits.

---

## Formula

The linear thermal expansion equation for a solid rod is defined as:

$$\Delta L = \alpha L_0 \Delta T$$

Where:
* $\Delta L$ represents the net change in length
* $\alpha$ represents the coefficient of linear thermal expansion
* $L_0$ represents the initial length of the rod sample
* $\Delta T$ represents the change in temperature

---

## Summary

Thermal expansion occurs because heat increases atomic vibrations, forcing atoms further apart and causing macroscopic expansion that scales with temperature changes.
",
35,Define latent heat and explain change of state.,"
# Introduction

---

## Definition

Latent heat is the thermal energy absorbed or released by a substance during a phase change that occurs at a constant, unchanging temperature.

A change of state refers to the transition of matter between solid, liquid, and gaseous phases as internal molecular bonds break or form.

---

## Types of Latent Heat

* **Latent Heat of Fusion:** The heat energy required to transition a substance from a solid to a liquid phase at its melting point.
* **Latent Heat of Vaporization:** The heat energy required to transition a substance from a liquid to a gaseous phase at its boiling point.

---

## Formula

The phase change heat transfer equation is written as:

$$Q = mL$$

Where:
* $Q$ represents the heat energy transferred during the phase change
* $m$ represents the total mass of the substance undergoing transformation
* $L$ represents the specific latent heat constant for that substance

---

## Summary

Latent heat drives phase changes at a constant temperature by breaking or forming molecular bonds rather than changing the system's kinetic temperature.
",
36,Oscillations and Waves: Define simple harmonic motion (SHM).,"
# Introduction

---

## Definition

Simple Harmonic Motion (SHM) is a special type of periodic oscillatory motion in which the restoring force acting on a moving object is directly proportional to the magnitude of its displacement from its equilibrium position and acts in the opposite direction to that displacement.

---

## Characteristics

* **Proportional Restoring Force:** The farther the object is displaced from equilibrium, the stronger the inward pulling force becomes.
* **Sinusoidal Position Tracking:** The position-time profile forms a smooth, continuous sine or cosine wave over time.

---

## Formula

The defining dynamic equation for Simple Harmonic Motion:

$$F = -kx$$

The resulting differential equation of motion is stated as:

$$\frac{d^2x}{dt^2} + \omega^2 x = 0$$

Where:
* $F$ represents the restoring force vector
* $k$ represents the positive spring or stiffness constant
* $x$ represents the displacement vector from equilibrium
* $\omega$ represents the angular frequency ($\sqrt{k/m}$)

---

## Summary

Simple Harmonic Motion is an ideal oscillation driven by a restoring force proportional to displacement, creating a continuous, stable sinusoidal motion cycle.
",
37,Derive the expression for time period of a simple pendulum.,"
# Introduction

---

## Definition

A simple pendulum consists of a small mass bob suspended from a fixed, frictionless pivot by a light, inextensible string. When displaced slightly from equilibrium, it undergoes simple harmonic motion.

---

## Formula

The equation for the oscillation period is given by:

$$T = 2\pi \sqrt{\frac{L}{g}}$$

Where:
* $T$ represents the total time period for one complete swing
* $L$ represents the length of the suspension string
* $g$ represents local acceleration due to gravity

---

## Derivations

Consider a bob of mass $m$ suspended by a string of length $L$. Displace the bob through a small angular displacement $\theta$.

The weight force ($mg$) acting downward can be resolved into two orthogonal components:
1. $mg \cos(\theta)$ acting along the string line, balanced by string tension.
2. $mg \sin(\theta)$ acting tangentially, serving as the restoring force.

$$\text{Restoring Force } (F) = -mg \sin(\theta)$$

For small angles, we apply the small-angle approximation where $\sin(\theta) \approx \theta$ (in radians):
$$F \approx -mg\theta$$

The angular displacement can be expressed as the arc length displacement ($x$) divided by string length ($L$):
$$\theta = \frac{x}{L}$$

Substitute this angular expression back into the restoring force equation:
$$F = -mg \left(\frac{x}{L}\right) = -\left(\frac{mg}{L}\right)x$$

According to Newton's Second Law ($F = ma$), the acceleration ($a$) can be written as:
$$ma = -\left(\frac{mg}{L}\right)x$$

$$a = -\left(\frac{g}{L}\right)x$$

In Simple Harmonic Motion, acceleration satisfies the standard relationship $a = -\omega^2 x$. Equating these expressions yields:
$$\omega^2 = \frac{g}{L}$$

$$\omega = \sqrt{\frac{g}{L}}$$

The total time period ($T$) for one complete oscillation cycle is defined as:
$$T = \frac{2\pi}{\omega} = \frac{2\pi}{\sqrt{\frac{g}{L}}} = 2\pi \sqrt{\frac{L}{g}}$$

This completes the mathematical derivation for the pendulum time period.

---

## Summary

The time period of a simple pendulum depends solely on its string length and local gravity, remaining independent of the bob's mass or the amplitude of small swings.
",
38,Explain resonance with examples.,"
# Introduction

---

## Definition

Resonance is a physical phenomenon that occurs when a periodic driving force is applied to an oscillatory system at a frequency that matches its natural frequency of vibration, causing a significant increase in the system's amplitude.

---

## Mechanism

* **Frequency Matching:** When the external driving frequency matches the system's natural frequency, energy transfers efficiently, causing the system's structural amplitude to grow larger over time.

---

## Advantages and Disadvantages

| Advantages | Disadvantages |
| --- | --- |
| Enhances signal amplification in wireless radios and acoustic instruments. | Can cause structural failure in mechanical systems, bridges, or buildings. |

---

## Real-world Examples

* **Playground Swing:** Pushing a child on a swing at the exact moment the swing reaches its peak height increases the amplitude with minimal effort.
* **Acoustic Wine Glass:** A singer matching their vocal pitch to the natural resonant frequency of a crystal wine glass can cause it to shatter as the vibrations become too large.
* **Radio Tuning Circuit:** Adjusting a radio's electrical frequency to match an incoming broadcast wave amplifies that specific signal while filtering out others.

---

## Summary

Resonance occurs when a driving force matches a system's natural frequency, maximizing energy transfer and significantly amplifying the vibration scale.
",
39,"Define wavelength, frequency, and amplitude of a wave.","
# Introduction

---

## Definition

Wavelength, frequency, and amplitude are primary parameters used to quantify and describe the physical properties of wave propagation through space and time.

---

## Core Wave Metrics

### 1. Wavelength ($\lambda$)
Wavelength is the spatial distance between two consecutive points that are in the same phase of oscillation, such as the distance between two adjacent wave crests or troughs.

### 2. Frequency ($f$)
Frequency is the number of complete wave cycles or oscillations that pass a fixed reference point per unit of time, measured internationally in Hertz ($\text{Hz}$).

### 3. Amplitude ($A$)
Amplitude is the maximum displacement of a medium's particles from their equilibrium position as a wave passes through.

---

## Formula

The wave speed equation linking these parameters is defined as:

$$v = f\lambda$$

Where:
* $v$ represents the propagation velocity of the wave profile
* $f$ represents the wave frequency
* $\lambda$ represents the wavelength value

---

## Summary

Wavelength measures a wave's spatial structure, frequency tracks its speed over time, and amplitude defines its energy intensity and displacement scale.
",
40,Differentiate between transverse and longitudinal waves.,"
# Introduction

---

## Definition

Waves are classified into two primary structural types based on how the particles of the medium vibrate relative to the direction of the wave's energy travel.

A transverse wave is a wave in which the particles of the medium oscillate perpendicular to the direction of wave propagation.

A longitudinal wave is a wave in which the particles of the medium oscillate parallel to the direction of wave propagation.

---

## Comparison Matrix

| Characteristics | Transverse Waves | Longitudinal Waves |
| --- | --- | --- |
| **Structure** | Forms alternating crests (peaks) and troughs (valleys). | Forms alternating compressions (high density) and rarefactions (low density). |
| **Medium Context** | Can travel through solids and liquid surfaces, but not gases. | Can travel through solids, liquids, and gases. |
| **Polarization** | Can be polarized. | Cannot be polarized. |

---

## Real-world Examples

* **Transverse Waves:** Light waves, radio waves, seismic S-waves, and surface ripples on a pond.
* **Longitudinal Waves:** Sound waves traveling through air, seismic P-waves, and ultrasound tracking pulses.

---

## Summary

Transverse waves produce variations perpendicular to their direction of travel, whereas longitudinal waves create pressure pulses that run parallel to their path.
",
41,Electrostatics: State Coulomb’s law.,"
# Introduction

---

## Definition

Coulomb's Law states that the electrostatic force of attraction or repulsion between two stationary point charges is directly proportional to the product of the magnitudes of the charges and inversely proportional to the square of the distance separating them.

---

## Characteristics

* **Action-Reaction Interaction:** The forces exerted by the charges on each other are equal in magnitude and opposite in direction, acting along the straight line connecting them.
* **Charge Dependency:** Like charges repel each other, whereas opposite charges experience a mutual attraction force.

---

## Formula

The mathematical equation for the electrostatic force:

$$F = k_e \frac{|q_1 q_2|}{r^2}$$

In a vacuum, the proportionality constant ($k_e$) is expressed as:

$$k_e = \frac{1}{4\pi\varepsilon_0} \approx 8.988 \times 10^9 \text{ N}\cdot\text{m}^2/\text{C}^2$$

Where:
* $F$ represents the electrostatic force magnitude
* $q_1, q_2$ represent the magnitudes of the point charges
* $r$ represents the distance separating the two charges
* $\varepsilon_0$ represents the permittivity of free space ($8.854 \times 10^{-12} \text{ C}^2/\text{N}\cdot\text{m}^2$)

---

## Summary

Coulomb's Law describes the electrostatic force between charges, showing that it increases with charge magnitude but decreases according to an inverse-square relationship with distance.
",
42,Define electric field and electric potential.,"
# Introduction

---

## Definition

Electric field and electric potential describe how a distribution of electric charge influences the surrounding space.

An electric field is a vector field surrounding a charged particle, representing the electrostatic force experienced per unit positive charge placed at that point.

An electric potential is a scalar field representing the electrostatic potential energy per unit charge at a specific point relative to a reference location.

---

## Characteristics

* **Vector vs. Scalar:** The electric field is a vector quantity that points in the direction a positive test charge would move. Electric potential is a scalar quantity measuring energy states.

---

## Formula

The mathematical definitions for electric field ($E$) and potential ($V$) are written as:

$$E = \frac{F}{q}$$

$$V = \frac{W}{q}$$

Where:
* $E$ represents the electric field vector intensity
* $V$ represents the electric potential scalar value
* $F$ represents the electrostatic force vector
* $W$ represents the work performed moving a charge from infinity
* $q$ represents the magnitude of the test charge

---

## Summary

The electric field measures the electrostatic force vector per unit charge, whereas electric potential tracks the energy scalar state per unit charge.
",
43,Derive the expression for electric force between two charges.,"
# Introduction

---

## Definition

The electric force between two point charges is the fundamental electrostatic interaction governed by Coulomb's Law. Deriving this relation contextually maps the force vector as a function of field interaction.

---

## Formula

The expression for the electrostatic force is:

$$F = \frac{1}{4\pi\varepsilon_0} \frac{q_1 q_2}{r^2}$$

Where:
* $F$ represents the interaction force magnitude
* $q_1, q_2$ represent the source point charges
* $r$ represents the separation distance
* $\varepsilon_0$ represents the permittivity of free space

---

## Derivations

Consider a isolated point charge $q_1$ fixed at the origin of a coordinate system.

This source charge establishes an isotropic electric field ($E$) in the surrounding space. At a radial distance $r$ away from $q_1$, the magnitude of this electric field vector is defined by Gauss's Law as:
$$E = \frac{1}{4\pi\varepsilon_0} \frac{q_1}{r^2$$

Now, introduce a second point charge $q_2$ directly into the field at that distance $r$. By definition, an electric field exerts a force on any charge placed within it:
$$F = q_2 E$$

Substitute the expression for the electric field ($E$) generated by $q_1$ into the force equation:
$$F = q_2 \left(\frac{1}{4\pi\varepsilon_0} \frac{q_1}{r^2}\right)$$

Rearrange the parameters to yield the final standard form:
$$F = \frac{1}{4\pi\varepsilon_0} \frac{q_1 q_2}{r^2}$$

This completes the field-based derivation of the electrostatic force equation.

---

## Summary

The electrostatic force arises from a charge interacting directly with the electric field established by another charge, resulting in the standard Coulomb equation.
",
44,Explain the working principle of a capacitor.,"
# Introduction

---

## Definition

A capacitor is an electrical component designed to store potential energy in an electric field by accumulating opposite charges on two closely spaced, insulated conducting plates.

---

## Working Mechanism

* **Charge Separation:** When connected to a voltage source, electrons accumulate on one plate, giving it a negative charge, while electrons leave the opposite plate, leaving it positively charged.
* **Electric Field Storage:** This charge separation creates a stable electric field between the plates, storing energy even after the voltage source is disconnected.

---

## Formula

The relationship governing charge storage capacity is:

$$Q = CV$$

For a basic parallel-plate capacitor layout:

$$C = \frac{\varepsilon_0 A}{d}$$

Where:
* $Q$ represents the total stored charge magnitude
* $C$ represents the capacitance value measured in Farads ($\text{F}$)
* $V$ represents the applied voltage across the plates
* $A$ represents the area of overlapping plates
* $d$ represents the distance separating the plates

---

## Summary

Capacitors store electrical energy by holding opposite charges on isolated plates, creating an internal electric field with a storage capacity that scales with plate area and proximity.
",
45,What is electrostatic shielding?,"
# Introduction

---

## Definition

Electrostatic shielding is the physical phenomenon where a specific region of space is isolated from the influence of external electric fields. This shielding is achieved by enclosing the region within a hollow conducting shell, creating a Faraday cage.

---

## Operating Principle

* **Zero Cavity Field:** When an external electric field is applied to a conductor, its free electrons redistribute along the outer surface to cancel out the field internally, ensuring the net electric field inside the cavity remains exactly zero.

---

## Formula

The mathematical field constraint inside a hollow conductor:

$$E_{\text{internal}} = 0$$

---

## Real-world Examples

* **Car in a Lightning Storm:** A car acts as an electrostatic shield; if struck by lightning, the charge travels along the conductive outer metal body to the ground, leaving the passengers inside unharmed.
* **Coaxial Electronics Cables:** Critical signal wires are wrapped in a braided metal mesh shield to protect data transfers from external electrical interference.

---

## Summary

Electrostatic shielding uses a conducting shell to isolate an internal space from external electric fields, as charges redistribute along the outer surface to keep the internal field at zero.
",
46,Current Electricity: State Ohm’s law and explain its limitations.,"
# Introduction

---

## Definition

Ohm's Law states that the electric current flowing through a conductor is directly proportional to the potential difference applied across its ends, provided all physical conditions, such as temperature, remain completely constant.

---

## Limitations of the Law

* **Temperature Dependency:** As current increases, temperature often rises due to Joule heating, which changes the material's resistance and causes the relationship to become non-linear.
* **Non-Ohmic Devices:** The law does not apply to semiconductor components like diodes or transistors, where current does not scale linearly with voltage.

---

## Formula

The mathematical relation is stated as:

$$V = IR$$

Where:
* $V$ represents the potential difference (voltage) across the conductor
* $I$ represents the electric current flowing through it
* $R$ represents the electrical resistance of the material

---

## Summary

Ohm's Law defines a linear relationship between voltage and current ($V=IR$), but it is limited to materials that maintain a stable temperature and does not apply to non-ohmic semiconductor devices.
",
47,Derive the expression for equivalent resistance in series combination.,"
# Introduction

---

## Definition

A series combination is a circuit configuration where resistors are connected end-to-end in a single path, ensuring that the same electric current flows through each component sequentially.

---

## Formula

The total equivalent resistance for a series circuit is:

$$R_{\text{eq}} = R_1 + R_2 + R_3$$

Where:
* $R_{\text{eq}}$ represents the net total circuit resistance
* $R_1, R_2, R_3$ represent the individual resistor values

---

## Derivations

Consider three resistors with values $R_1$, $R_2$, and $R_3$ connected in a series chain across a voltage source $V$.

Because there is only one path for the electrons to follow, the current ($I$) passing through each resistor is identical:
$$I_1 = I_2 = I_3 = I$$

The total applied voltage ($V$) divides across the resistors, equal to the sum of the individual voltage drops:
$$V = V_1 + V_2 + V_3$$

Applying Ohm's Law ($V = IR$) to each individual resistor component:
$$V_1 = I R_1$$

$$V_2 = I R_2$$

$$V_3 = I R_3$$

Substitute these individual voltage drop expressions into the total voltage equation:
$$V = I R_1 + I R_2 + I R_3$$

Factor out the common current parameter ($I$) from the terms:
$$V = I(R_1 + R_2 + R_3)$$

If we replace the entire chain with a single equivalent resistor ($R_{\text{eq}}$), the total voltage is $V = I R_{\text{eq}}$. Equating these expressions:
$$I R_{\text{eq}} = I(R_1 + R_2 + R_3)$$

Divide both sides by the current parameter ($I$) to yield the final relation:
$$R_{\text{eq}} = R_1 + R_2 + R_3$$

This completes the derivation for series equivalent resistance.

---

## Summary

Resistors in series share the same current, causing their voltage drops to add up. This results in an equivalent resistance equal to the sum of the individual resistances.
",
48,Derive the expression for equivalent resistance in parallel combination.,"
# Introduction

---

## Definition

A parallel combination is a circuit configuration where multiple resistors are connected across the same two electrical nodes, creating separate, independent branches for current flow.

---

## Formula

The inverse equivalent resistance relationship is given by:

$$\frac{1}{R_{\text{eq}}} = \frac{1}{R_1} + \frac{1}{R_2} + \frac{1}{R_3}$$

Where:
* $R_{\text{eq}}$ represents the total equivalent circuit resistance
* $R_1, R_2, R_3$ represent the individual branch resistors

---

## Derivations

Consider three resistors with values $R_1$, $R_2$, and $R_3$ connected in parallel branches across a voltage source $V$.

Because all branches are connected directly to the same electrical nodes, the voltage drop ($V$) across each resistor is identical:
$$V_1 = V_2 = V_3 = V$$

The total current ($I$) leaving the source divides among the available parallel paths:
$$I = I_1 + I_2 + I_3$$

Applying Ohm's Law in its current form ($I = \frac{V}{R}$) to each branch component:
$$I_1 = \frac{V}{R_1}$$

$$I_2 = \frac{V}{R_2}$$

$$I_3 = \frac{V}{R_3}$$

Substitute these individual branch current expressions into the total current equation:
$$I = \frac{V}{R_1} + \frac{V}{R_2} + \frac{V}{R_3}$$

Factor out the common voltage parameter ($V$):
$$I = V \left(\frac{1}{R_1} + \frac{1}{R_2} + \frac{1}{R_3}\right)$$

If the parallel network is replaced by a single equivalent resistor ($R_{\text{eq}}$), total current is $I = \frac{V}{R_{\text{eq}}}$. Equating these terms:
$$\frac{V}{R_{\text{eq}}} = V \left(\frac{1}{R_1} + \frac{1}{R_2} + \frac{1}{R_3}\right)$$

Divide both sides by the voltage parameter ($V$) to yield the final parallel relation:
$$\frac{1}{R_{\text{eq}}} = \frac{1}{R_1} + \frac{1}{R_2} + \frac{1}{R_3}$$

This completes the analytical derivation for parallel equivalent resistance.

---

## Summary

Resistors in parallel share the same voltage drop across branches, meaning their branch currents add up. This results in an equivalent resistance smaller than the smallest individual branch resistor.
",
49,A current of 2 A flows through a resistor of 10 Ω. Calculate voltage.,"
# Solved Numerical

---

## Ohm's Law Problem

### Problem
A steady electric current of $2 \text{ A}$ flows through a resistor with a value of $10 \ \Omega$. Calculate the voltage drop across the resistor.

### Given
* Current tracking ($I$) = $2 \text{ A}$
* Resistance value ($R$) = $10 \ \Omega$

### Formula
$$V = IR$$

### Substitution
$$V = 2 \times 10$$

### Calculation
$$V = 20 \text{ V}$$

### Final Answer
**Potential Difference ($V$) = $20 \text{ V}$**

### Interpretation
This means that a potential difference of $20 \text{ Volts}$ must be maintained across the ends of the $10 \ \Omega$ resistor to sustain a continuous current flow of $2 \text{ Amperes}$.
",
50,Define electrical power and derive the relation P = VI.,"
# Introduction

---

## Definition

Electrical power is the rate at which electrical energy is consumed or converted into other forms of energy, such as heat, light, or mechanical work, within an electric circuit.

---

## Formula

The primary electrical power expression is stated as:

$$P = VI$$

Where:
* $P$ represents the electrical power measured in Watts ($\text{W}$)
* $V$ represents the potential difference across the circuit element
* $I$ represents the electric current passing through the element

---

## Derivations

Consider a constant current $I$ flowing through an electrical component across a potential difference $V$ over an interval of time $t$.

By definition, electric current is the rate of charge flow through a conductor:
$$I = \frac{Q}{t}$$

$$Q = I \cdot t$$

The potential difference ($V$) represents the mechanical work performed ($W$) per unit charge to move that charge through the component:
$$V = \frac{W}{Q}$$

$$W = V \cdot Q$$

Substitute our charge flow expression ($Q = I \cdot t$) directly into the work equation:
$$W = V \cdot (I \cdot t)$$

$$W = VIt$$

Electrical power ($P$) is defined as the rate at which work is performed:
$$P = \frac{W}{t}$$

Substitute the work expression ($VIt$) into the power template:
$$P = \frac{VIt}{t}$$

Cancel out the time parameter ($t$) from the numerator and denominator:
$$P = VI$$

This completes the derivation of the fundamental electrical power relation.

---

## Summary

Electrical power measures the rate of energy conversion within a circuit element, calculated as the product of the voltage across the component and the current flowing through it ($P=VI$).
",
51,Live Sandbox: How does changing mass affect the period of a simple pendulum simulation?,"
# Introduction

---

## Interactive Observation

In our active simulation workspace, we observe a mass suspended from a fixed anchor swinging back and forth. This setup allows us to modify the mass parameter dynamically while keeping the string length fixed to observe the impact on structural timing.

---

## Live Sandbox Tutor Sidebar

### ✦ LIVE EXPLANATION
The pendulum bob sweeps through its arc at a completely unchanged rate when we alter its weight profile. Even if we scale the mass slider to maximum or drop it to zero, the clock cycles required to finish one full oscillation remain identical.

### ✦ WHY IT HAPPENS
Gravitational acceleration acts equally on all objects regardless of mass. While a heavier bob experiences a stronger downward gravitational pull (action force), it also possesses a proportionally larger inertial mass (resistance to motion). These two properties cancel each other out perfectly within the kinematic track.

### ✦ WHAT TO NOTICE
Look closely at the simulation speed and timer. Notice that whether the mass configuration reads $1 \text{ kg}$ or $10 \text{ kg}$, the pendulum crosses the vertical equilibrium marker at the exact same time intervals.

### ✦ FORMULA
The structural time period is given by:

$$T = 2\pi \sqrt{\frac{L}{g}}$$

* $L$ represents the length of the suspension string axis.
* $g$ represents the constant local gravity preset field.
* Notice that the mass variable ($m$) is completely absent from the governing equation.

### ✦ DEEPER UNDERSTANDING
This demonstrates Galileo's principle of equivalence in free fall. Because gravity scales in direct proportion to inertia, mass does not dictate the acceleration rate along the constraint path, keeping the period invariant.

### ✦ TRY THIS
1. Slide the **Mass parameter slider** from $1 \text{ kg}$ up to $5 \text{ kg}$ while the simulation runs and observe the timing log.
2. Next, adjust the **Length slider ($L$)** and notice how the swing rate immediately slows down as the path length increases.
",
52,Live Sandbox: Explain the visual effect of adding air resistance to a projectile trajectory.,"
# Introduction

---

## Interactive Observation

We track a launched projectile passing across the coordinate grid. By activating the fluid friction toggle, we can observe how an atmospheric medium alters the trajectory profile compared to an ideal vacuum path.

---

## Live Sandbox Tutor Sidebar

### ✦ LIVE EXPLANATION
The projectile no longer follows a symmetrical path across the workspace. As it travels forward, its forward speed drops off sharply, causing the trajectory curve to steepen on the descent and land much closer to the launch point.

### ✦ WHY IT HAPPENS
Air resistance acts as a non-conservative drag force that opposes the velocity vector at every point. This continuous resistance drains kinetic energy from the system, disrupting the steady horizontal velocity component and adding a backward deceleration.

### ✦ WHAT TO NOTICE
Observe the shape of the path. The peak of the curve is shifted forward, and the descending line drops down much more steeply than the initial climbing line.

### ✦ FORMULA
The total net force vector acting on the tracking object becomes:

$$F_{\text{net}} = F_g + F_d$$

$$F_d = -\frac{1}{2}\rho v^2 C_d A$$

* $F_g$ represents the constant downward gravitational force vector.
* $F_d$ represents the dynamic velocity-dependent drag force vector acting opposite to motion.

### ✦ DEEPER UNDERSTANDING
Because drag scales quadratically with velocity ($v^2$), high-speed projectiles experience a rapid energy loss early in their flight, creating an asymmetric curve known as a ballistic trajectory.

### ✦ TRY THIS
1. Launch a mass with **Air Resistance toggled off** to view the perfect parabolic path.
2. Turn the **Friction slider** up to high and observe how the horizontal range decreases.
",
53,Live Sandbox: What happens visually when the stiffness constant of a spring oscillator is doubled?,"
# Introduction

---

## Interactive Observation

A block attached to a horizontal spring oscillates back and forth about an equilibrium line. We can adjust the spring stiffness parameter ($k$) to observe how the restoring force scales the oscillation speed.

---

## Live Sandbox Tutor Sidebar

### ✦ LIVE EXPLANATION
The block transitions into a much faster, higher-frequency oscillation. It cycles back and forth rapidly across the center point, showing sharp direction changes at its maximum extension limits.

### ✦ WHY IT HAPPENS
Doubling the stiffness constant ($k$) means the spring exerts twice as much restoring force for the exact same displacement distance. A larger restoring force generates a higher acceleration vector, driving the mass back to equilibrium much faster.

### ✦ WHAT TO NOTICE
Watch the velocity telemetry indicators. The peak velocity at the center equilibrium point climbs significantly higher, while the time required to complete one full cycle decreases.

### ✦ FORMULA
The angular frequency of a simple harmonic oscillator is defined as:

$$\omega = \sqrt{\frac{k}{m}}$$

* $k$ represents the spring stiffness parameter value.
* $m$ represents the mass value of the attached block.
* Increasing $k$ increases the angular frequency ($\omega$), which decreases the time period ($T = \frac{2\pi}{\omega}$).

### ✦ DEEPER UNDERSTANDING
A stiffer spring stores and releases potential energy much faster, accelerating the attached mass more aggressively and reducing the time required for each cycle.

### ✦ TRY THIS
1. Set the **Stiffness slider ($k$)** to a low value and count the cycles over a ten-second window.
2. Drag the **Stiffness slider** to maximum and observe the rapid pulse tracking profile.
",
54,Live Sandbox: Explain the orbital behavior when a planet's tangential velocity is reduced below stable circular speed.,"
# Introduction

---

## Interactive Observation

A satellite is in a circular orbit around a central gravitational mass. We can reduce its forward tangential velocity vector mid-flight to observe how its orbital path updates in real time.

---

## Live Sandbox Tutor Sidebar

### ✦ LIVE EXPLANATION
The satellite immediately drops out of its stable circular path and plunges inward toward the central body. Its trajectory changes into an eccentric elliptical path, speeding up rapidly as it falls closer to the gravity source.

### ✦ WHY IT HAPPENS
A stable circular orbit requires a specific tangential velocity where the inward gravitational pull provides the exact centripetal acceleration needed for that radius. Reducing this speed means gravity overpowers the inertia of the satellite, pulling it inward.

### ✦ WHAT TO NOTICE
Observe the change in speed. The satellite moves slowest at its highest point (aphelion) and accelerates to its highest speed at its closest approach (perihelion).

### ✦ FORMULA
The stable circular orbit velocity constraint is defined as:

$$v_c = \sqrt{\frac{GM}{r}}$$

* If the actual tracking velocity vector magnitude ($v$) drops below $v_c$, the orbit shifts from circular to eccentric elliptical ($e > 0$).

### ✦ DEEPER UNDERSTANDING
This interaction demonstrates Kepler's Second Law. As the satellite falls down the gravitational potential well, it trades potential energy for kinetic energy, sweeping out equal areas in equal intervals of time.

### ✦ TRY THIS
1. Click the **Velocity subtract button** while the satellite orbits to observe it drop into an elliptical path.
2. Lower the speed too much and observe the satellite collide with the central planet asset.
",
55,Live Sandbox: What happens to a sliding block when the surface friction coefficient scales to zero?,"
# Introduction

---

## Interactive Observation

A block is given an initial velocity push across a flat horizontal track plane. We can modify the surface friction parameter to observe how it impacts the block's velocity over time.

---

## Live Sandbox Tutor Sidebar

### ✦ LIVE EXPLANATION
The sliding block moves forward indefinitely without losing any speed. It maintains a constant velocity across the canvas grid, never slowing down or coming to a halt.

### ✦ WHY IT HAPPENS
Friction acts as a resistive force that converts kinetic energy into thermal energy. Setting the friction coefficient to zero removes all horizontal resistance forces, allowing the block's inertia to keep it moving at a constant speed.

### ✦ WHAT TO NOTICE
Monitor the velocity graph card. The line remains perfectly horizontal at a constant value, confirming that acceleration is exactly zero.

### ✦ FORMULA
The friction force vector magnitude is given by:

$$f_k = \mu_k N$$

* $\mu_k$ represents the kinetic friction coefficient parameter.
* $N$ represents the upward normal contact reaction force.
* When $\mu_k = 0$, the net friction force $f_k$ becomes zero, leaving $F_{\text{net}} = 0$.

### ✦ DEEPER UNDERSTANDING
This simulation demonstrates Newton's First Law of Motion in an ideal environment, proving that an object will sustain its velocity indefinitely when free from external forces.

### ✦ TRY THIS
1. Give the block a push with **Friction set to 0.3** and observe how quickly it comes to a stop.
2. Reset the simulation, set the **Friction coefficient slider** to zero, and watch it coast indefinitely across the screen.
",
56,Live Sandbox: Explain how changing restitution alters the collision bounce between two rigid bodies.,"
# Introduction

---

## Interactive Observation

Two solid spheres are aligned to collide head-on in the center of the canvas. We can adjust the restitution parameter slider ($\text{e}$) to observe how the collision interaction updates.

---

## Live Sandbox Tutor Sidebar

### ✦ LIVE EXPLANATION
When restitution is set to maximum, the spheres bounce apart aggressively without losing any speed. If we lower the value to zero, they stick together upon impact and move forward as a single combined mass.

### ✦ WHY IT HAPPENS
Restitution defines the elasticity of a collision. A value of $1.0$ represents a perfectly elastic collision where kinetic energy is conserved. A value of $0.0$ represents a perfectly inelastic collision where the bodies maximize their kinetic energy loss by sticking together.

### ✦ WHAT TO NOTICE
Observe the mechanical energy indicators. At a restitution of $1.0$, total kinetic energy remains identical before and after impact. At $0.0$, the energy meter drops sharply during the collision.

### ✦ FORMULA
The coefficient of restitution relation is written as:

$$e = \frac{v_2 - v_1}{u_1 - u_2}$$

* $e = 1$ matches perfectly elastic kinetic energy retention.
* $e = 0$ matches perfectly inelastic shared tracking.

### ✦ DEEPER UNDERSTANDING
Restitution controls how much kinetic energy is preserved as mechanical motion versus how much is converted into deformation, heat, or internal work during an impact.

### ✦ TRY THIS
1. Run an impact with **Restitution slider set to 1.0** and observe the energetic recoil behavior.
2. Shift the **Restitution value** to `0.0` to see the two masses latch together into a unified mass.
",
57,Live Sandbox: Describe the visual effect of increasing the driven frequency in a forced harmonic oscillator.,"
# Introduction

---

## Interactive Observation

A spring-mass system is driven by an external motor that applies a periodic pushing force. We can adjust the driving frequency slider to observe how it interacts with the system's natural frequency.

---

## Live Sandbox Tutor Sidebar

### ✦ LIVE EXPLANATION
As the driving frequency approaches the natural frequency of the spring, the amplitude of the oscillations grows larger. If the driving frequency is increased past this point, the motions become uncoordinated and the amplitude drops off significantly.

### ✦ WHY IT HAPPENS
Matching frequencies creates a condition called resonance, where the external force always pushes in the direction of the block's motion, transferring energy efficiently. If the driving frequency is too high, the force often opposes the motion, canceling out its own energy transfer.

### ✦ WHAT TO NOTICE
Watch the amplitude tracking envelope. Note how it peaks at a specific frequency match and falls off when the driving motor runs too fast.

### ✦ FORMULA
The steady-state amplitude of a driven harmonic oscillator is given by:

$$A = \frac{F_0/m}{\sqrt{(\omega_0^2 - \omega^2)^2 + (b\omega/m)^2}}$$

* $\omega$ represents the external driving frequency parameter.
* $\omega_0$ represents the natural frequency of the system ($\sqrt{k/m}$).
* The amplitude ($A$) reaches its maximum when $\omega \approx \omega_0$.

### ✦ DEEPER UNDERSTANDING
Resonance depends on timing. When the driving force is synchronized with the system's natural timing, it builds up energy over multiple cycles, creating large-scale oscillations.

### ✦ TRY THIS
1. Slowly increase the **Driver frequency control** until you hit the peak resonant vibration amplitude.
2. Turn the **Frequency slider** past the peak and observe the system return to small, uncoordinated movements.
",
58,Live Sandbox: How does gravity preset scaling influence the range of an inclined plane sliding block?,"
# Introduction

---

## Interactive Observation

A block slides down a fixed inclined ramp plane. We can switch between different planetary gravity presets (such as the Moon, Earth, or Jupiter) to observe how it affects the acceleration down the incline.

---

## Live Sandbox Tutor Sidebar

### ✦ LIVE EXPLANATION
Switching to the Jupiter preset causes the block to shoot down the ramp instantly. Switching to the Moon preset causes the block to slide down at a much slower, leisurely pace.

### ✦ WHY IT HAPPENS
The force driving the block down the ramp is a component of its weight, which depends directly on the local gravitational field strength. A stronger gravity field increases this parallel force component, generating a higher acceleration down the incline.

### ✦ WHAT TO NOTICE
Watch the acceleration metrics indicator block. The acceleration value jumps significantly when switching from the Moon to Earth, and increases further under Jupiter's gravity.

### ✦ FORMULA
The acceleration down a frictionless inclined plane is defined as:

$$a = g \sin(\theta)$$

* $g$ represents the selected environmental gravity preset value.
* $\theta$ represents the fixed angle of the incline ramp.

### ✦ DEEPER UNDERSTANDING
While the angle of the ramp sets the fraction of gravity that drives the motion, the overall acceleration scales linearly with the strength of the local gravitational field ($g$).

### ✦ TRY THIS
1. Select the **Moon gravity preset ($1.6 \text{ m/s}^2$)** and time how long the block takes to reach the bottom.
2. Switch to the **Jupiter gravity preset ($24.8 \text{ m/s}^2$)** and observe the sudden increase in acceleration.
",
59,Sandbox Overlay: Generate runtime overlay response for a 'collision' event between two equal masses.,"
# Introduction

---

## Event Telemetry Report

The simulation engine has triggered a real-time event notification based on a physical interaction within the workspace canvas.

---

## Real-Time Sandbox Overlay Feed

### WHAT HAPPENED
An instantaneous impact interface event (`collision`) was registered between sphere `c1` and sphere `c2` at the center coordinate intersection.

### WHAT CHANGED
Sphere `c1` came to an immediate halt, transferring its entire velocity vector component directly to sphere `c2`, which shot forward instantly.

### SIMPLE WHY
Because the two masses are identical and the restitution parameter is set to maximum, the system undergoes a perfect elastic momentum exchange.

### WHAT TO NOTICE
Observe the velocity indicator vectors. Watch how the velocity swap occurs instantaneously without any net loss in total system speed.
",
60,Sandbox Overlay: Generate runtime overlay response for a 'gravity_changed' event to zero-g environment.,"
# Introduction

---

## Event Telemetry Report

The simulation engine has triggered a real-time event notification based on a user interaction with the global environment controllers.

---

## Real-Time Sandbox Overlay Feed

### WHAT HAPPENED
The environmental gravity parameter was modified by the user from Earth conditions to a weightless state (`gravity_changed`).

### WHAT CHANGED
The vertical acceleration vector acting on all active canvas masses dropped to zero, causing floating objects to cease downward travel.

### SIMPLE WHY
Setting the gravity constant to zero removes the downward gravitational force vector, leaving objects to move purely by their linear inertia.

### WHAT TO NOTICE
Notice how objects that were falling now drift in straight lines across the grid, unaffected by any downward pull.
",True
61,Sandbox Overlay: Generate runtime overlay response for a 'spring_connected' event linking a anchor to a mass.,"
# Introduction

---

## Event Telemetry Report

The simulation engine has triggered a real-time event notification based on a structural connection update within the workspace.

---

## Real-Time Sandbox Overlay Feed

### WHAT HAPPENED
A new elastic joint constraint (`spring_connected`) was created, linking the static pin anchor `p1` to the moving circular mass `c1`.

### WHAT CHANGED
The free-floating mass was brought under a positional constraint, causing it to pull backward as it moved away from the anchor point.

### SIMPLE WHY
The newly initialized spring joint applies an elastic restoring force that pulls the mass back toward the anchor whenever the constraint is stretched.

### WHAT TO NOTICE
Watch how the distance between the anchor and the mass determines the strength of the restoring force vector.
",
62,Sandbox Overlay: Generate runtime overlay response for an 'object_attached' event on a flying pendulum bob.,"
# Introduction

---

## Event Telemetry Report

The simulation engine has triggered a real-time event notification based on a structural mass addition during runtime operations.

---

## Real-Time Sandbox Overlay Feed

### WHAT HAPPENED
An auxiliary mass payload component (`object_attached`) was welded directly onto the swinging pendulum bob asset mid-motion.

### WHAT CHANGED
The total mass parameter of the swinging body doubled instantly, while its velocity vector experienced a temporary drop to conserve momentum.

### SIMPLE WHY
Adding mass increases the system's total inertia, requiring an immediate adjustment in velocity to keep the momentum vector balanced.

### WHAT TO NOTICE
Notice that despite the increased weight, the pendulum continues to follow its original swing timing because the period is independent of mass.
",
63,Sandbox Overlay: Generate runtime overlay response for a 'friction_changed' event on a braking track platform.,"
# Introduction

---

## Event Telemetry Report

The simulation engine has triggered a real-time event notification based on surface property updates.

---

## Real-Time Sandbox Overlay Feed

### WHAT HAPPENED
The surface friction coefficient (`friction_changed`) along the lower track platform was increased by the user.

### WHAT CHANGED
The sliding block experienced a sharp increase in backward deceleration, causing its forward velocity vector to drop rapidly.

### SIMPLE WHY
A higher friction coefficient increases the kinetic resistive force, accelerating the rate at which kinetic energy converts into heat.

### WHAT TO NOTICE
Observe the acceleration indicator pointing backward, showing how the increased friction quickly brings the block to a halt.
",
64,Sandbox Overlay: Generate runtime overlay response for a 'spring_stretched' peak limit event.,"
# Introduction

---

## Event Telemetry Report

The simulation engine has triggered a real-time event notification based on an elastic deformation threshold benchmark.

---

## Real-Time Sandbox Overlay Feed

### WHAT HAPPENED
The spring joint reached its maximum length extension threshold (`spring_stretched`) at the outer limit of its oscillation path.

### WHAT CHANGED
The velocity vector dropped to zero, and the inward acceleration vector reached its maximum value.

### SIMPLE WHY
At maximum extension, all kinetic energy has converted into elastic potential energy, creating a powerful inward restoring force.

### WHAT TO NOTICE
Watch how the block pauses for a fraction of a second at this outer limit before changing direction and accelerating backward.
",
65,Sandbox Overlay: Generate runtime overlay response for an 'orbit_started' stable loop trigger event.,"
# Introduction

---

## Event Telemetry Report

The simulation engine has triggered a real-time event notification based on a orbital tracking alignment profile match.

---

## Real-Time Sandbox Overlay Feed

### WHAT HAPPENED
The satellite successfully closed its trajectory path, triggering the stable closed loop status notification (`orbit_started`).

### WHAT CHANGED
The path display updated from a open line to a stable elliptical orbit track surrounding the central gravity source.

### SIMPLE WHY
The satellite's velocity vector and distance create a balance where gravity provides the exact centripetal force needed for a stable orbit.

### WHAT TO NOTICE
Observe how the satellite continuously circles the central mass without flying out into deep space or crashing into the planet.
",
66,Sandbox Overlay: Generate runtime overlay response for a 'bounce' boundary reflection event.,"
# Introduction

---

## Event Telemetry Report

The simulation engine has triggered a real-time event notification based on an environmental boundary wall collision interface.

---

## Real-Time Sandbox Overlay Feed

### WHAT HAPPENED
A moving body collided with the solid vertical containment border, triggering a reflection event (`bounce`).

### WHAT CHANGED
The horizontal component of the velocity vector reversed direction instantly, causing the object to rebound back toward the center.

### SIMPLE WHY
The rigid boundary wall exerts an equal and opposite normal force that reverses the object's horizontal momentum.

### WHAT TO NOTICE
Notice how the velocity vector arrow flips direction instantly upon impact while maintaining its vertical component.
",
